case_id,finding_index,rule_id,verdict,reason_category
gen-adk-002,0,ADK001,partial,workflow_control_present
gen-adk-002,1,AGT040,partial,internal_state_scope
gen-adk-002,2,CAP005,partial,internal_state_scope
gen-adk-003,0,PATH001,partial,fixed_command_scope
gen-adk-003,1,PATH001,partial,fixed_command_scope
gen-adk-003,2,PATH001,partial,fixed_command_scope
gen-adk-003,3,PATH001,partial,fixed_command_scope
gen-adk-003,4,AGT020,true_positive,source_supported
gen-adk-003,5,AGT020,true_positive,source_supported
gen-adk-003,6,CAP004,true_positive,source_supported
gen-adk-003,7,NET001,partial,fixed_destination_scope
gen-adk-003,8,ADK001,true_positive,source_supported
gen-adk-003,9,AGT040,partial,tool_internal_guardrail_present
gen-adk-003,10,AGT040,partial,tool_internal_guardrail_present
gen-adk-003,11,AGT040,partial,internal_state_scope
gen-adk-003,12,CAP005,partial,internal_state_scope
gen-adk-004,0,ADK001,true_positive,source_supported
gen-adk-004,1,AGT040,true_positive,source_supported
gen-adk-004,2,AGT040,true_positive,source_supported
gen-adk-004,3,AGT040,partial,read_only_scope
gen-adk-004,4,AGT040,true_positive,source_supported
gen-adk-004,5,AGT040,true_positive,source_supported
gen-adk-004,6,AGT040,partial,internal_state_scope
gen-adk-004,7,CAP005,true_positive,source_supported
gen-lg-003,0,AGT040,false_positive,graph_plumbing_not_authority
gen-lg-003,1,AGT040,false_positive,explicit_hitl_control_missed
gen-lg-003,2,AGT040,false_positive,graph_plumbing_not_authority
gen-lg-003,3,AGT040,false_positive,explicit_hitl_control_missed
gen-lg-003,4,CAP005,false_positive,graph_plumbing_not_authority
gen-lg-003,5,NET002,false_positive,graph_plumbing_not_authority
gen-mcp-001,0,AGT051,false_positive,env_placeholder_not_secret
gen-mcp-001,1,AGT032,true_positive,source_supported
gen-mcp-003,0,NET001,partial,test_operator_destination
gen-mcp-003,1,NET001,partial,test_operator_destination
gen-mcp-003,2,AGT032,partial,test_context
gen-mcp-003,3,AGT032,partial,test_context
gen-oai-001,0,NET002,false_positive,provider_managed_destination
gen-oai-003,0,NET001,true_positive,source_supported
gen-oai-003,1,AGT032,true_positive,source_supported
gen-oai-004,0,AGT020,false_positive,unbound_tool
gen-oai-004,1,AGT020,false_positive,unbound_tool
gen-oai-004,2,AGT020,partial,sandboxed_provider_execution
gen-oai-004,3,AGT020,partial,sandboxed_provider_execution
gen-oai-004,4,AGT022,partial,demo_internal_state
gen-oai-004,5,AGT022,partial,demo_internal_state
gen-oai-004,6,AGT040,partial,sandboxed_provider_execution
gen-oai-004,7,AGT040,partial,sandboxed_provider_execution
gen-oai-004,8,AGT040,partial,provider_managed_tool
gen-oai-004,9,AGT040,partial,provider_managed_tool
gen-oai-004,10,AGT040,partial,demo_internal_state
gen-oai-004,11,AGT040,partial,demo_internal_state
gen-oai-004,12,AGT040,partial,delegated_authority_scope
gen-oai-004,13,AGT040,partial,delegated_authority_scope
gen-oai-004,14,CAP005,partial,sandboxed_provider_execution
gen-oai-004,15,CAP005,partial,sandboxed_provider_execution
gen-oai-004,16,CAP005,partial,delegated_authority_scope
gen-oai-004,17,CAP005,partial,delegated_authority_scope
gen-oai-004,18,NET002,false_positive,provider_managed_destination
gen-oai-004,19,NET002,false_positive,provider_managed_destination
gen-oai-004,20,NET002,false_positive,provider_managed_destination
gen-oai-004,21,NET002,false_positive,provider_managed_destination
gen-pyd-001,0,PATH001,false_positive,mcp_bootstrap_not_agent_authority
gen-pyd-001,1,PATH002,true_positive,source_supported
gen-pyd-001,2,PATH006,false_positive,mcp_bootstrap_not_agent_authority
gen-pyd-001,3,AGT053,partial,mixed_supported_and_bootstrap_capabilities
gen-pyd-001,4,CAP005,true_positive,source_supported
gen-pyd-002,0,AGT020,false_positive,capability_misclassification
gen-pyd-002,1,CAP004,false_positive,capability_misclassification
gen-pyd-002,2,AGT022,true_positive,source_supported
gen-pyd-002,3,AGT022,partial,indirect_agent_delegation
gen-pyd-002,4,AGT022,partial,example_runtime_context
gen-pyd-002,5,AGT040,true_positive,source_supported
gen-pyd-002,6,AGT040,false_positive,capability_misclassification
gen-pyd-002,7,AGT040,partial,indirect_agent_delegation
gen-pyd-002,8,AGT040,partial,example_runtime_context
gen-pyd-002,9,AGT040,partial,restricted_eval_scope
gen-pyd-002,10,CAP005,partial,indirect_agent_delegation
gen-pyd-002,11,CAP005,partial,example_runtime_context
gen-pyd-002,12,NET002,false_positive,provider_fixed_destination
gen-pyd-002,13,NET002,false_positive,provider_fixed_destination
gen-pyd-002,14,NET002,false_positive,provider_fixed_destination
gen-pyd-002,15,NET002,partial,test_context
